Date,Open,High,Low,Close,Volume
2018. 01. 02,42.54,43.08,42.32,43.07,25555934
2018. 01. 03,43.13,43.64,42.99,43.06,29517899
2018. 01. 04,43.14,43.37,43.02,43.26,22434597
2018. 01. 05,43.36,43.84,43.26,43.75,23660018
2018. 01. 08,43.59,43.9,43.48,43.59,20567766
2018. 01. 09,43.64,43.77,43.35,43.58,21583997
2018. 01. 10,43.29,43.58,43.25,43.57,23959895
2018. 01. 11,43.65,43.87,43.62,43.82,18667729
2018. 01. 12,44.05,44.34,43.91,44.27,25418080
2018. 01. 16,44.48,44.85,44.04,44.05,29565947
2018. 01. 17,44.04,44.81,43.77,44.78,34386836
2018. 01. 18,44.84,45.03,44.56,44.82,31193352
2018. 01. 19,44.65,44.9,44.35,44.62,32425067
2018. 01. 22,44.33,44.45,44.15,44.25,27108551
2018. 01. 23,44.33,44.86,44.21,44.26,32689146
2018. 01. 24,44.31,44.33,43.3,43.56,51105090
2018. 01. 25,43.63,43.74,42.63,42.78,41529004
2018. 01. 26,43,43,42.52,42.88,39143011
2018. 01. 29,42.54,42.54,41.77,41.99,50640406
2018. 01. 30,41.38,41.84,41.18,41.74,46048185
2018. 01. 31,41.72,42.11,41.63,41.86,32478930
2018. 02. 01,41.79,42.16,41.69,41.95,47230787
2018. 02. 02,41.5,41.7,40.03,40.13,86593825
2018. 02. 05,39.78,40.97,39,39.12,72738522
2018. 02. 06,38.71,40.93,38.5,40.76,68243838
2018. 02. 07,40.77,40.85,39.77,39.89,51608580
2018. 02. 08,40.07,40.25,38.76,38.79,54390516
2018. 02. 09,39.27,39.47,37.56,39.1,70672608
2018. 02. 12,39.63,40.97,39.38,40.68,60819539
2018. 02. 13,40.49,41.19,40.41,41.09,32549163
2018. 02. 14,40.76,41.89,40.72,41.84,40644933
2018. 02. 15,42.45,43.27,42.25,43.25,51147171
2018. 02. 16,43.09,43.71,42.94,43.11,40176091
2018. 02. 20,43.01,43.57,42.86,42.96,33930540
2018. 02. 21,43.21,43.53,42.75,42.77,37471623
2018. 02. 22,42.95,43.49,42.93,43.13,30991940
2018. 02. 23,43.42,43.91,43.39,43.88,33812360
2018. 02. 26,44.09,44.85,44.05,44.74,38162174
2018. 02. 27,44.78,45.12,44.54,44.6,38928125
2018. 02. 28,44.82,45.15,44.51,44.53,37782138
2018. 03. 01,44.64,44.94,43.17,43.75,48801970
2018. 03. 02,43.2,44.08,43.11,44.05,38453950
2018. 03. 05,43.8,44.44,43.63,44.21,28401366
2018. 03. 06,44.48,44.56,44.03,44.17,23788506
2018. 03. 07,43.74,43.96,43.57,43.76,31703462
2018. 03. 08,43.87,44.28,43.77,44.24,23774107
2018. 03. 09,44.49,45,44.35,45,32185162
2018. 03. 12,45.07,45.6,45.05,45.43,32207081
2018. 03. 13,45.65,45.88,44.81,44.99,31693529
2018. 03. 14,45.08,45.13,44.45,44.61,29368356
2018. 03. 15,44.63,45.06,44.52,44.66,22743798
2018. 03. 16,44.66,44.78,44.41,44.51,39404688
2018. 03. 19,44.33,44.37,43.42,43.83,33446771
2018. 03. 20,43.81,44.2,43.74,43.81,19649350
2018. 03. 21,43.76,43.77,42.82,42.82,37054935
2018. 03. 22,42.5,43.17,42.15,42.21,41490767
2018. 03. 23,42.1,42.48,41.24,41.24,41028784
2018. 03. 26,42.02,43.28,41.61,43.19,37541236
2018. 03. 27,43.42,43.79,41.73,42.09,40922579
2018. 03. 28,41.81,42.51,41.3,41.62,41668545
2018. 03. 29,41.95,42.94,41.73,41.95,38398505
2018. 04. 02,41.97,42.24,41.12,41.67,37586791
2018. 04. 03,41.91,42.19,41.22,42.1,30278046
2018. 04. 04,41.22,43,41.19,42.9,34605489
2018. 04. 05,43.15,43.56,43.02,43.2,26933197
2018. 04. 06,42.74,43.12,42.05,42.1,35005290
2018. 04. 09,42.47,43.27,42.46,42.51,29017718
2018. 04. 10,43.25,43.5,42.88,43.31,28614241
2018. 04. 11,43.06,43.48,42.93,43.11,22431640
2018. 04. 12,43.35,43.75,43.26,43.54,22889285
2018. 04. 13,43.7,43.96,43.46,43.68,25124255
2018. 04. 16,43.76,44.05,43.71,43.96,21578420
2018. 04. 17,44.12,44.73,44.1,44.56,26605442
2018. 04. 18,44.45,44.71,44.22,44.46,20754538
2018. 04. 19,43.74,43.85,43.17,43.2,34808800
2018. 04. 20,42.65,42.8,41.36,41.43,65491140
2018. 04. 23,41.71,41.73,41.02,41.31,36515477
2018. 04. 24,41.42,41.58,40.31,40.74,33692017
2018. 04. 25,40.66,41.36,40.6,40.91,28382084
2018. 04. 26,41.03,41.43,40.84,41.06,27963014
2018. 04. 27,41,41.08,40.16,40.58,35655839
2018. 04. 30,40.53,41.82,40.46,41.32,42427424
2018. 05. 01,41.6,42.3,41.32,42.28,53569376
2018. 05. 02,43.81,44.44,43.45,44.14,66539371
2018. 05. 03,43.97,44.38,43.61,44.22,34068180
2018. 05. 04,44.56,46.06,44.54,45.96,56201317
2018. 05. 07,46.3,46.92,46.19,46.29,42451423
2018. 05. 08,46.25,46.56,45.92,46.51,28402777
2018. 05. 09,46.64,46.85,46.31,46.84,23211241
2018. 05. 10,46.94,47.59,46.91,47.51,27989289
2018. 05. 11,47.37,47.52,46.86,47.15,26212221
2018. 05. 14,47.25,47.38,46.97,47.04,20778772
2018. 05. 15,46.7,46.77,46.28,46.61,23695159
2018. 05. 16,46.52,47.12,46.5,47.05,19183064
2018. 05. 17,47,47.23,46.59,46.75,17294029
2018. 05. 18,46.8,46.95,46.53,46.58,18297728
2018. 05. 21,47,47.32,46.73,46.91,18400787
2018. 05. 22,47.09,47.22,46.7,46.79,15240704
2018. 05. 23,46.59,47.13,46.44,47.09,20058415
2018. 05. 24,47.19,47.21,46.55,47.04,23233975
2018. 05. 25,47.06,47.41,46.91,47.15,17460963
2018. 05. 29,46.9,47.19,46.72,46.98,22514075
2018. 05. 30,46.93,47,46.7,46.88,18690547
2018. 05. 31,46.81,47.06,46.54,46.72,27482793
2018. 06. 01,47,47.57,46.94,47.56,23442510
2018. 06. 04,47.91,48.36,47.84,47.96,26266174
2018. 06. 05,48.27,48.49,48.09,48.33,21565963
2018. 06. 06,48.41,48.52,47.98,48.5,20933619
2018. 06. 07,48.54,48.55,48.08,48.37,21347180
2018. 06. 08,47.79,48,47.44,47.93,26656799
2018. 06. 11,47.84,47.99,47.55,47.81,18308460
2018. 06. 12,47.85,48.15,47.79,48.07,16911141
2018. 06. 13,48.11,48.22,47.61,47.68,21638393
2018. 06. 14,47.89,47.89,47.56,47.7,21610074
2018. 06. 15,47.51,47.54,47.07,47.21,61719160
2018. 06. 18,46.97,47.31,46.8,47.19,18484865
2018. 06. 19,46.29,46.58,45.86,46.42,33578455
2018. 06. 20,46.59,46.8,46.43,46.63,20628701
2018. 06. 21,46.81,47.09,46.24,46.37,25711898
2018. 06. 22,46.53,46.54,46.18,46.23,27200447
2018. 06. 25,45.85,46.23,45.18,45.54,31663096
2018. 06. 26,45.75,46.63,45.64,46.11,24569201
2018. 06. 27,46.31,46.82,46.01,46.04,25285328
2018. 06. 28,46.03,46.55,45.95,46.38,17365235
2018. 06. 29,46.57,46.8,45.73,46.28,22737666
2018. 07. 02,45.96,46.83,45.86,46.8,17731343
2018. 07. 03,46.95,46.99,45.89,45.98,13954806
2018. 07. 05,46.32,46.6,46.07,46.35,16604248
2018. 07. 06,46.36,47.11,46.3,46.99,17485245
2018. 07. 09,47.38,47.67,47.33,47.65,19756634
2018. 07. 10,47.68,47.82,47.55,47.59,15939149
2018. 07. 11,47.13,47.44,46.9,46.97,18831470
2018. 07. 12,47.38,47.85,47.33,47.76,18041131
2018. 07. 13,47.77,47.96,47.73,47.83,12519792
2018. 07. 16,47.88,48.16,47.6,47.73,15043110
2018. 07. 17,47.44,47.97,47.3,47.86,15534523
2018. 07. 18,47.95,47.95,47.48,47.6,16393381
2018. 07. 19,47.42,48.14,47.42,47.97,20286752
2018. 07. 20,47.95,48.11,47.54,47.86,20706042
2018. 07. 23,47.95,48.11,47.54,47.86,164346
2018. 07. 24,48.11,48.42,48.01,48.25,18697898
2018. 07. 25,48.27,48.71,48.11,48.71,16826483
2018. 07. 26,48.65,48.99,48.4,48.55,19075964
2018. 07. 27,48.75,48.8,47.53,47.75,24023972
2018. 07. 30,47.98,48.05,47.27,47.48,21029535
2018. 07. 31,47.58,48.04,47.34,47.57,39373038
2018. 08. 01,49.78,50.44,49.33,50.38,67935716
2018. 08. 02,50.15,52.1,50.09,51.85,62404012
2018. 08. 03,51.76,52.19,51.37,52,33447396
2018. 08. 06,52,52.31,51.77,52.27,25425387
2018. 08. 07,52.33,52.38,51.69,51.78,25587387
2018. 08. 08,51.51,51.95,51.13,51.81,22525487
2018. 08. 09,51.82,52.45,51.8,52.22,23492626
2018. 08. 10,51.84,52.28,51.67,51.88,24611202
2018. 08. 13,51.93,52.74,51.93,52.22,25890880
2018. 08. 14,52.54,52.64,52.07,52.44,20748010
2018. 08. 15,52.31,52.69,52.08,52.56,28807564
2018. 08. 16,52.94,53.45,52.87,53.33,28500367
2018. 08. 17,53.36,54.49,53.29,54.4,35426997
2018. 08. 20,54.53,54.8,53.78,53.87,30287695
2018. 08. 21,54.2,54.3,53.51,53.76,26159755
2018. 08. 22,53.53,54.09,53.46,53.76,19018131
2018. 08. 23,53.66,54.26,53.65,53.87,18883224
2018. 08. 24,54.15,54.23,53.78,54.04,18476356
2018. 08. 27,54.29,54.69,54.08,54.49,20525117
2018. 08. 28,54.75,55.14,54.73,54.93,22776766
2018. 08. 29,55.04,55.87,54.85,55.75,27254804
2018. 08. 30,55.81,57.07,55.6,56.26,48793824
2018. 08. 31,56.63,57.22,56.5,56.91,43340134
2018. 09. 04,57.1,57.3,56.66,57.09,27390132
2018. 09. 05,57.25,57.42,56.28,56.72,33332960
2018. 09. 06,56.56,56.84,55.33,55.78,34289976
2018. 09. 07,55.46,56.34,55.18,55.33,37619810
2018. 09. 10,55.24,55.46,54.12,54.58,39516453
2018. 09. 11,54.5,56.07,54.14,55.96,35749049
2018. 09. 12,56.24,56.25,54.96,55.27,49278740
2018. 09. 13,55.88,57.09,55.64,56.6,41706377
2018. 09. 14,56.44,56.71,55.63,55.96,31999289
2018. 09. 17,55.54,55.74,54.32,54.47,37195133
2018. 09. 18,54.45,55.46,54.28,54.56,31571712
2018. 09. 19,54.63,54.91,53.83,54.59,27123833
2018. 09. 20,55.06,55.57,54.79,55.01,26608794
2018. 09. 21,55.2,55.34,54.32,54.42,96246748
2018. 09. 24,54.21,55.32,54.16,55.2,27693358
2018. 09. 25,54.94,55.71,54.93,55.55,24554379
2018. 09. 26,55.25,55.94,54.94,55.11,23984706
2018. 09. 27,55.96,56.61,55.89,56.24,30181227
2018. 09. 28,56.2,56.46,56.01,56.44,22929364
2018. 10. 01,56.99,57.36,56.59,56.82,23600802
2018. 10. 02,56.81,57.5,56.66,57.32,24788170
2018. 10. 03,57.51,58.37,57.45,58.02,28654799
2018. 10. 04,57.7,58.09,56.68,57,32042000
2018. 10. 05,56.99,57.1,55.15,56.07,33580463
2018. 10. 08,55.55,56.2,55.05,55.94,29663923
2018. 10. 09,55.91,56.82,55.56,56.72,26891029
2018. 10. 10,56.37,56.59,54.01,54.09,41990554
2018. 10. 11,53.63,54.88,53.08,53.61,53124392
2018. 10. 12,55.11,55.72,54.21,55.53,40337851
2018. 10. 15,55.29,55.46,54.32,54.34,30791007
2018. 10. 16,54.73,55.75,54.19,55.54,29183963
2018. 10. 17,55.58,55.66,54.84,55.3,22885397
2018. 10. 18,54.47,54.94,53.25,54.01,32581315
2018. 10. 19,54.52,55.32,54.36,54.83,33078726
2018. 10. 22,54.95,55.84,54.74,55.16,28792082
2018. 10. 23,53.96,55.81,53.68,55.68,38767846
2018. 10. 24,55.65,56.06,53.64,53.77,40925163
2018. 10. 25,54.43,55.35,54.19,54.95,29855768
2018. 10. 26,53.98,55.05,53.17,54.08,47258375
2018. 10. 29,54.8,54.92,51.52,53.06,45935520
2018. 10. 30,52.79,53.8,52.32,53.33,36659990
2018. 10. 31,54.22,55.11,54.16,54.72,38358933
2018. 11. 01,54.76,55.59,54.2,55.56,58323180
2018. 11. 02,52.39,53.41,51.36,51.87,91328654
2018. 11. 05,51.08,51.1,49.54,50.4,66163669
2018. 11. 06,50.48,51.18,50.42,50.94,31882881
2018. 11. 07,51.49,52.52,51.03,52.49,33424434
2018. 11. 08,52.5,52.53,51.69,52.12,25362636
2018. 11. 09,51.39,51.5,50.56,51.12,34365750
2018. 11. 12,49.75,49.96,48.45,48.54,51135518
2018. 11. 13,47.91,49.3,47.86,48.06,46882936
2018. 11. 14,48.48,48.62,46.48,46.7,60800957
2018. 11. 15,47.1,47.99,46.73,47.85,46478801
2018. 11. 16,47.63,48.74,47.37,48.38,36928253
2018. 11. 19,47.5,47.68,46.25,46.47,41920872
2018. 11. 20,44.59,45.37,43.88,44.25,67825247
2018. 11. 21,44.93,45.07,44.14,44.2,31124210
2018. 11. 23,43.74,44.15,43.03,43.07,23623972
2018. 11. 26,43.56,43.74,42.57,43.66,44998520
2018. 11. 27,42.88,43.69,42.72,43.56,41387377
2018. 11. 28,44.18,45.32,43.73,45.24,46062539
2018. 11. 29,45.67,45.7,44.43,44.89,41769992
2018. 11. 30,45.07,45.08,44.26,44.65,39531549
2018. 12. 03,46.12,46.24,45.3,46.21,40798002
2018. 12. 04,45.24,45.6,44.07,44.17,41344282
2018. 12. 06,42.94,43.7,42.61,43.68,43098410
2018. 12. 07,43.37,43.62,42.08,42.12,42281631
2018. 12. 10,41.25,42.52,40.83,42.4,62025994
2018. 12. 11,42.92,42.95,41.75,42.16,47281665
2018. 12. 12,42.6,42.98,42.26,42.28,35627674
2018. 12. 13,42.62,43.14,42.39,42.74,31897827
2018. 12. 14,42.25,42.27,41.32,41.37,40703710
2018. 12. 17,41.36,42.09,40.68,40.99,44287922
2018. 12. 18,41.35,41.88,41.1,41.52,33841518
2018. 12. 19,41.5,41.86,39.77,40.22,49047297
2018. 12. 20,40.1,40.53,38.83,39.21,64772960
2018. 12. 21,39.22,39.54,37.41,37.68,95744384
2018. 12. 24,37.04,37.89,36.65,36.71,37169232
2018. 12. 26,37.08,39.31,36.68,39.29,58582544
2018. 12. 27,38.96,39.19,37.52,39.04,53117065
2018. 12. 28,39.38,39.63,38.64,39.06,42291424
2018. 12. 31,39.63,39.84,39.12,39.44,35003466
2019. 01. 02,38.72,39.71,38.56,39.48,37039737
2019. 01. 03,35.99,36.43,35.5,35.55,91312195
2019. 01. 04,36.13,37.14,35.95,37.07,58607070
2019. 01. 07,37.17,37.21,36.48,36.98,54777764
2019. 01. 08,37.39,37.96,37.13,37.69,41025314
2019. 01. 09,37.82,38.63,37.41,38.33,45099081
2019. 01. 10,38.13,38.49,37.72,38.45,35780670
2019. 01. 11,38.22,38.42,37.88,38.07,27023241
2019. 01. 14,37.71,37.82,37.31,37.5,32439186
2019. 01. 15,37.57,38.35,37.51,38.27,28710324
2019. 01. 16,38.27,38.97,38.25,38.74,30569706
2019. 01. 17,38.55,39.42,38.32,38.97,29821160
2019. 01. 18,39.38,39.47,39,39.21,33751023
2019. 01. 22,39.1,39.18,38.16,38.33,30393970
2019. 01. 23,38.54,38.78,37.92,38.48,23130570
2019. 01. 24,38.53,38.62,37.94,38.17,25441549
2019. 01. 25,38.87,39.53,38.58,39.44,33547893
2019. 01. 28,38.95,39.08,38.42,39.08,26192058
2019. 01. 29,39.06,39.53,38.53,38.67,41587239
2019. 01. 30,40.81,41.54,40.06,41.31,61109780
2019. 01. 31,41.53,42.25,41.14,41.61,40739649
2019. 02. 01,41.74,42.25,41.48,41.63,32668138
2019. 02. 04,41.85,42.91,41.82,42.81,31495582
2019. 02. 05,43.22,43.77,43.09,43.55,36101628
2019. 02. 06,43.66,43.89,43.21,43.56,28239591
2019. 02. 07,43.1,43.49,42.59,42.74,31741690
2019. 02. 08,42.25,42.67,42.11,42.6,23819966
2019. 02. 11,42.76,42.8,42.31,42.36,20993425
2019. 02. 12,42.53,42.75,42.43,42.72,22283523
2019. 02. 13,42.85,43.12,42.48,42.55,22490233
2019. 02. 14,42.43,42.82,42.35,42.7,21835747
2019. 02. 15,42.81,42.93,42.44,42.61,24626814
2019. 02. 19,42.43,42.86,42.37,42.73,18972826
2019. 02. 20,42.8,43.33,42.75,43.01,26114362
2019. 02. 21,42.95,43.09,42.58,42.77,17249670
2019. 02. 22,42.9,43.25,42.85,43.24,18913154
2019. 02. 25,43.54,43.97,43.49,43.56,21873358
2019. 02. 26,43.43,43.83,43.29,43.58,17070211
2019. 02. 27,43.3,43.75,43.18,43.72,27835389
2019. 02. 28,43.58,43.73,43.23,43.29,28215416
2019. 03. 01,43.57,43.79,43.22,43.74,25886167
2019. 03. 04,43.92,44.44,43.49,43.96,27436203
2019. 03. 05,43.99,44,43.64,43.88,19737419
2019. 03. 06,43.67,43.87,43.49,43.63,20810384
2019. 03. 07,43.47,43.61,43.01,43.13,24796374
2019. 03. 08,42.58,43.27,42.38,43.23,23999358
2019. 03. 11,43.87,44.78,43.84,44.73,32011034
2019. 03. 12,45,45.67,44.84,45.23,32467584
2019. 03. 13,45.56,45.83,45.23,45.43,31032524
2019. 03. 14,45.98,46.03,45.64,45.93,23579508
2019. 03. 15,46.21,46.83,45.94,46.53,39042912
2019. 03. 18,46.45,47.1,46.45,47.01,26219832
2019. 03. 19,47.09,47.25,46.48,46.63,31646369
2019. 03. 20,46.56,47.37,46.18,47.04,31035231
2019. 03. 21,47.51,49.08,47.45,48.77,51034237
2019. 03. 22,48.84,49.42,47.7,47.76,42407666
2019. 03. 25,47.88,48,46.65,47.19,43845293
2019. 03. 26,47.92,48.22,46.15,46.7,49800538
2019. 03. 27,47.19,47.44,46.64,47.12,29848427
2019. 03. 28,47.24,47.39,46.88,47.18,20780363
2019. 03. 29,47.46,47.52,47.14,47.49,23563961
2019. 04. 01,47.91,47.92,47.1,47.81,27861964
2019. 04. 02,47.77,48.62,47.76,48.51,22765732
2019. 04. 03,48.31,49.13,48.29,48.84,23271830
2019. 04. 04,48.7,49.09,48.29,48.92,19114275
2019. 04. 05,49.11,49.28,48.98,49.25,18526644
2019. 04. 08,49.11,50.06,49.09,50.03,25881697
2019. 04. 09,50.08,50.71,49.81,49.88,35768237
2019. 04. 10,49.67,50.19,49.55,50.16,21695288
2019. 04. 11,50.21,50.25,49.61,49.74,20900808
2019. 04. 12,49.8,50.04,49.05,49.72,27760668
2019. 04. 15,49.65,49.96,49.5,49.81,17536646
2019. 04. 16,49.87,50.34,49.64,49.81,25696385
2019. 04. 17,49.89,50.85,49.65,50.78,28906780
2019. 04. 18,50.78,51.04,50.63,50.97,24195766
2019. 04. 22,50.71,51.24,50.59,51.13,19439545
2019. 04. 23,51.11,51.94,50.98,51.87,23322991
2019. 04. 24,51.84,52.12,51.76,51.79,17540609
2019. 04. 25,51.71,51.94,51.28,51.32,18543206
2019. 04. 26,51.23,51.25,50.53,51.08,18649102
2019. 04. 29,51.1,51.49,50.97,51.15,22204716
2019. 04. 30,50.77,50.85,49.78,50.17,46534923
2019. 05. 01,52.47,53.83,52.31,52.63,64827328
2019. 05. 02,52.46,53.16,52.03,52.29,31996324
2019. 05. 03,52.72,52.96,52.56,52.94,20892378
2019. 05. 06,51.07,52.21,50.88,52.12,32443113
2019. 05. 07,51.47,51.85,50.21,50.72,38763698
2019. 05. 08,50.48,51.34,50.44,50.73,26339504
2019. 05. 09,50.1,50.42,49.17,50.18,34908607
2019. 05. 10,49.35,49.71,48.19,49.3,41208712
2019. 05. 13,46.93,47.37,45.71,46.43,57430623
2019. 05. 14,46.6,47.43,46.35,47.17,36529677
2019. 05. 15,46.57,47.94,46.51,47.73,26544718
2019. 05. 16,47.48,48.12,47.21,47.52,33031364
2019. 05. 17,46.73,47.73,46.69,47.25,32879090
2019. 05. 20,45.88,46.09,45.07,45.77,38612290
2019. 05. 21,46.31,47,46.18,46.65,28364848
2019. 05. 22,46.17,46.43,45.64,45.7,29748556
2019. 05. 23,44.95,45.14,44.45,44.92,36529736
2019. 05. 24,45.05,45.54,44.66,44.74,23714686
2019. 05. 28,44.73,45.15,44.48,44.56,27948160
2019. 05. 29,44.11,44.84,44,44.35,28481165
2019. 05. 30,44.49,44.81,44.17,44.58,21218412
2019. 05. 31,44.06,44.5,43.75,43.77,27043584
2019. 06. 03,43.9,44.48,42.57,43.33,40396069
2019. 06. 04,43.86,44.96,43.63,44.91,30967961
2019. 06. 05,46.07,46.25,45.29,45.64,29773427
2019. 06. 06,45.77,46.37,45.54,46.31,22526311
2019. 06. 07,46.63,47.98,46.44,47.54,30684393
2019. 06. 10,47.95,48.84,47.91,48.15,26220851
2019. 06. 11,48.72,49,48.4,48.7,26932882
2019. 06. 12,48.49,48.99,48.35,48.55,18253189
2019. 06. 13,48.68,49.2,48.4,48.54,21674625
2019. 06. 14,47.89,48.4,47.58,48.19,18761474
2019. 06. 17,48.23,48.74,48.04,48.47,14669144
2019. 06. 18,49.01,50.07,48.8,49.61,26551004
2019. 06. 19,49.92,49.97,49.33,49.47,21124235
2019. 06. 20,50.09,50.15,49.51,49.87,21513988
2019. 06. 21,49.7,50.21,49.54,49.7,47800589
2019. 06. 24,49.64,50.04,49.54,49.65,18220421
2019. 06. 25,49.61,49.82,48.82,48.89,21070334
2019. 06. 26,49.44,50.25,49.34,49.95,26067512
2019. 06. 27,50.07,50.39,49.89,49.94,20899717
2019. 06. 28,49.67,49.87,49.26,49.48,31110642
2019. 07. 01,50.79,51.12,50.16,50.39,27316739
2019. 07. 02,50.35,50.78,50.34,50.68,16935217
2019. 07. 03,50.82,51.11,50.67,51.1,11362045
2019. 07. 05,50.84,51.27,50.73,51.06,17265518
2019. 07. 08,50.2,50.35,49.6,50.01,25338628
2019. 07. 09,49.8,50.38,49.7,50.31,20578015
2019. 07. 10,50.46,50.93,50.39,50.81,17897138
2019. 07. 11,50.83,51.1,50.43,50.44,20191842
2019. 07. 12,50.61,51,50.55,50.83,17595212
2019. 07. 15,51.02,51.47,51,51.3,16947420
2019. 07. 16,51.15,51.53,50.88,51.13,16866816
2019. 07. 17,51.01,51.27,50.82,50.84,14107450
2019. 07. 18,51,51.47,50.93,51.42,18582161
2019. 07. 19,51.45,51.63,50.59,50.65,20929307
2019. 07. 22,50.91,51.81,50.9,51.81,22277932
2019. 07. 23,52.12,52.23,51.82,52.21,18355210
2019. 07. 24,51.92,52.29,51.79,52.17,14991567
2019. 07. 25,52.22,52.31,51.68,51.76,13909562
2019. 07. 26,51.87,52.43,51.79,51.94,17618874
2019. 07. 29,52.12,52.66,52.11,52.42,21673389
2019. 07. 30,52.19,52.54,51.83,52.2,33935718
2019. 07. 31,54.11,55.34,52.83,53.26,69281361
2019. 08. 01,53.48,54.51,51.69,52.11,54017922
2019. 08. 02,51.38,51.61,50.41,51.01,40862122
2019. 08. 05,49.5,49.66,48.15,48.34,52392969
2019. 08. 06,49.08,49.52,48.51,49.25,35824787
2019. 08. 07,48.85,49.89,48.46,49.76,33364400
2019. 08. 08,50.05,50.88,49.85,50.86,27009523
2019. 08. 09,50.33,50.69,49.82,50.25,24619746
2019. 08. 12,49.91,50.51,49.79,50.12,22481889
2019. 08. 13,50.26,53.04,50.21,52.24,47539786
2019. 08. 14,50.79,51.61,50.65,50.69,36547443
2019. 08. 15,50.87,51.29,49.92,50.44,27883363
2019. 08. 16,51.07,51.79,50.96,51.63,28813624
2019. 08. 19,52.66,53.18,52.51,52.59,24431915
2019. 08. 20,52.72,53.34,52.58,52.59,26919529
2019. 08. 21,53.25,53.41,52.9,53.16,21564747
2019. 08. 22,53.3,53.61,52.69,53.12,22267819
2019. 08. 23,52.36,53.01,50.25,50.66,46882843
2019. 08. 26,51.47,51.8,51.26,51.62,26066130
2019. 08. 27,51.97,52.14,50.88,51.04,25897344
2019. 08. 28,51.03,51.43,50.83,51.38,15957632
2019. 08. 29,52.13,52.33,51.66,52.25,21007652
2019. 08. 30,52.54,52.61,51.8,52.19,21162561
2019. 09. 03,51.61,51.75,51.06,51.43,20059574
2019. 09. 04,52.1,52.37,51.83,52.3,19216820
2019. 09. 05,53,53.49,52.88,53.32,23946984
2019. 09. 06,53.51,53.61,53.13,53.32,19362294
2019. 09. 09,53.71,54.11,52.77,53.54,27309401
2019. 09. 10,53.47,54.2,52.93,54.18,31777931
2019. 09. 11,54.52,55.93,54.43,55.9,44289646
2019. 09. 12,56.2,56.61,55.72,55.77,32226669
2019. 09. 13,55,55.2,54.26,54.69,39763296
2019. 09. 16,54.43,55.03,54.39,54.98,21158141
2019. 09. 17,54.99,55.21,54.78,55.18,18386468
2019. 09. 18,55.27,55.71,54.86,55.69,25643093
2019. 09. 19,55.5,55.94,55.09,55.24,22187876
2019. 09. 20,55.35,55.64,54.37,54.43,57977094
2019. 09. 23,54.74,54.96,54.41,54.68,19419648
2019. 09. 24,55.26,55.62,54.3,54.42,31434367
2019. 09. 25,54.64,55.38,54.29,55.26,22481006
2019. 09. 26,55,55.24,54.71,54.97,19088312
2019. 09. 27,55.14,55.24,54.32,54.71,25361285
2019. 09. 30,55.23,56.15,55.2,55.99,26318583
2019. 10. 01,56.27,57.06,56.05,56.15,36187163
2019. 10. 02,55.77,55.9,54.48,54.74,35767257
2019. 10. 03,54.61,55.24,53.78,55.21,30352686
2019. 10. 04,56.41,56.87,55.97,56.75,34755553
2019. 10. 07,56.57,57.48,56.46,56.77,30889269
2019. 10. 08,56.46,57.02,56.08,56.1,29282700
2019. 10. 09,56.76,56.95,56.41,56.76,19029424
2019. 10. 10,56.98,57.61,56.83,57.52,28962984
2019. 10. 11,58.24,59.41,58.08,59.05,41990210
2019. 10. 14,58.73,59.53,58.67,58.97,24413484
2019. 10. 15,59.1,59.41,58.72,58.83,23040483
2019. 10. 16,58.34,58.81,58.3,58.59,19286694
2019. 10. 17,58.77,59.04,58.38,58.82,17272897
2019. 10. 18,58.65,59.4,58.57,59.1,24377166
2019. 10. 21,59.38,60.25,59.33,60.13,22367483
2019. 10. 22,60.29,60.55,59.91,59.99,22684001
2019. 10. 23,60.53,60.81,60.31,60.8,19932545
2019. 10. 24,61.13,61.2,60.45,60.9,17916255
2019. 10. 25,60.79,61.68,60.72,61.65,18369296
2019. 10. 28,61.86,62.31,61.68,62.26,24143241
2019. 10. 29,62.24,62.44,60.64,60.82,35709867
2019. 10. 30,61.19,61.33,60.3,60.82,31130522
2019. 10. 31,61.81,62.29,59.32,62.19,34790520
2019. 11. 01,62.39,63.98,62.29,63.96,37781334
2019. 11. 04,64.33,64.46,63.85,64.38,25817952
2019. 11. 05,64.26,64.55,64.08,64.28,19974427
2019. 11. 06,64.19,64.37,63.84,64.31,18966124
2019. 11. 07,64.69,65.09,64.53,64.86,23735083
2019. 11. 08,64.67,65.11,64.21,65.04,17520495
2019. 11. 11,64.58,65.62,64.57,65.55,20507459
2019. 11. 12,65.39,65.7,65.23,65.49,21847226
2019. 11. 13,65.28,66.19,65.27,66.12,25817593
2019. 11. 14,65.94,66.22,65.53,65.66,22395556
2019. 11. 15,65.92,66.44,65.75,66.44,25093666
2019. 11. 18,66.45,66.86,66.06,66.78,21700897
2019. 11. 19,66.97,67,66.35,66.57,19069597
2019. 11. 20,66.39,66.52,65.1,65.8,26609919
2019. 11. 21,65.92,66,65.3,65.5,30348778
2019. 11. 22,65.65,65.8,65.21,65.44,16331263
2019. 11. 25,65.68,66.61,65.63,66.59,21029517
2019. 11. 26,66.74,66.79,65.63,66.07,26334882
2019. 11. 27,66.4,67,66.33,66.96,16386122
2019. 11. 29,66.65,67,66.47,66.81,11654363
2019. 12. 02,66.82,67.06,65.86,66.04,23693550
2019. 12. 03,64.58,64.88,64.07,64.86,29377268
2019. 12. 04,65.27,65.83,65.17,65.44,16810388
2019. 12. 05,65.95,66.47,65.68,66.4,18661343
2019. 12. 06,66.87,67.75,66.83,67.68,26547493
2019. 12. 09,67.5,67.7,66.23,66.73,32182645
2019. 12. 10,67.15,67.52,66.47,67.12,22632383
2019. 12. 11,67.2,67.78,67.13,67.69,19723391
2019. 12. 12,66.94,68.14,66.83,67.86,34437042
2019. 12. 13,67.86,68.83,67.73,68.79,33432806
2019. 12. 16,69.25,70.2,69.25,69.97,32081105
2019. 12. 17,69.89,70.44,69.7,70.1,28575798
2019. 12. 18,69.95,70.47,69.78,69.94,29024687
2019. 12. 19,69.88,70.3,69.74,70.01,24626947
2019. 12. 20,70.56,70.66,69.64,69.86,69032743
2019. 12. 23,70.13,71.06,70.09,71,24677883
2019. 12. 24,71.17,71.22,70.73,71.07,12119714
2019. 12. 26,71.21,72.5,71.18,72.48,23334004
2019. 12. 27,72.78,73.49,72.03,72.45,36592936
2019. 12. 30,72.36,73.17,71.31,72.88,36059614
2019. 12. 31,72.48,73.42,72.38,73.41,25247625
2020. 01. 02,74.06,75.15,73.8,75.09,33911864
2020. 01. 03,74.29,75.15,74.13,74.36,36633878
2020. 01. 06,73.45,74.99,73.19,74.95,29644644
2020. 01. 07,74.96,75.22,74.37,74.6,27877655
2020. 01. 08,74.29,76.11,74.29,75.8,33090946
2020. 01. 09,76.81,77.61,76.55,77.41,42621542
2020. 01. 10,77.65,78.17,77.06,77.58,35217272
2020. 01. 13,77.91,79.27,77.79,79.24,30521722
2020. 01. 14,79.18,79.39,78.04,78.17,40653457
2020. 01. 15,77.96,78.88,77.39,77.83,30480882
2020. 01. 16,78.4,78.93,78.02,78.81,27207254
2020. 01. 17,79.07,79.69,78.75,79.68,34454117
2020. 01. 21,79.3,79.76,79,79.14,27710814
2020. 01. 22,79.65,80,79.33,79.43,25458115
2020. 01. 23,79.48,79.89,78.91,79.81,26117993
2020. 01. 24,80.06,80.83,79.38,79.58,36634380
2020. 01. 27,77.52,77.94,76.22,77.24,40485005
2020. 01. 28,78.15,79.6,78.05,79.42,40558486
2020. 01. 29,81.11,81.96,80.35,81.08,54149928
2020. 01. 30,80.14,81.02,79.69,80.97,31685808
2020. 01. 31,80.23,80.67,77.07,77.38,49897096
2020. 02. 03,76.08,78.37,75.56,77.17,43496401
2020. 02. 04,78.83,79.91,78.41,79.71,34154134
2020. 02. 05,80.88,81.19,79.74,80.36,29706718
2020. 02. 06,80.64,81.31,80.07,81.3,26356385
2020. 02. 07,80.59,80.85,79.5,80.01,29421012
2020. 02. 10,78.55,80.39,78.46,80.39,27337215
2020. 02. 11,80.9,80.97,79.68,79.9,23580780
2020. 02. 12,80.37,81.81,80.37,81.8,28432573
2020. 02. 13,81.05,81.56,80.84,81.22,23686892
2020. 02. 14,81.19,81.5,80.71,81.24,20028447
2020. 02. 18,78.84,79.94,78.65,79.75,38190545
2020. 02. 19,80,81.14,80,80.91,23495991
2020. 02. 20,80.66,81.16,79.55,80.08,25141489
2020. 02. 21,79.66,80.11,77.63,78.26,32426415
2020. 02. 24,74.32,76.05,72.31,74.55,55548828
2020. 02. 25,75.24,75.63,71.53,72.02,57668364
2020. 02. 26,71.63,74.47,71.63,73.16,49678431
2020. 02. 27,70.28,71.5,68.24,68.38,80151381
2020. 02. 28,64.32,69.6,64.09,68.34,106721230
2020. 03. 02,70.57,75.36,69.43,74.7,85349339
2020. 03. 03,75.92,76,71.45,72.33,79868852
2020. 03. 04,74.11,75.85,73.28,75.69,54794568
2020. 03. 05,73.88,74.89,72.85,73.23,46893219
2020. 03. 06,70.5,72.71,70.31,72.26,56544246
2020. 03. 09,65.94,69.52,65.75,66.54,71686208
2020. 03. 10,69.29,71.61,67.34,71.33,71322520
2020. 03. 11,69.35,70.31,67.97,68.86,64094970
2020. 03. 12,63.99,67.5,62,62.06,104618517
2020. 03. 13,66.22,69.98,63.24,69.49,92683032
2020. 03. 16,60.49,64.77,60,60.55,80605865
2020. 03. 17,61.88,64.4,59.6,63.22,81013965
2020. 03. 18,59.94,62.5,59.28,61.67,75058406
2020. 03. 19,61.85,63.21,60.65,61.2,67964255
2020. 03. 20,61.8,62.96,57,57.31,100423346
2020. 03. 23,57.02,57.12,53.15,56.09,84188208
2020. 03. 24,59.09,61.92,58.58,61.72,71882773
2020. 03. 25,62.69,64.56,61.08,61.38,75900510
2020. 03. 26,61.63,64.67,61.59,64.61,63140169
2020. 03. 27,63.19,63.97,61.76,61.94,51054153
2020. 03. 30,62.69,63.88,62.35,63.7,41994110
2020. 03. 31,63.9,65.62,63,63.57,49250501
2020. 04. 01,61.63,62.18,59.78,60.23,44054638
2020. 04. 02,60.09,61.29,59.23,61.23,41483493
2020. 04. 03,60.7,61.43,59.74,60.35,32470017
2020. 04. 06,62.73,65.78,62.35,65.62,50455071
2020. 04. 07,67.7,67.93,64.75,64.86,50721831
2020. 04. 08,65.69,66.84,65.31,66.52,42223821
2020. 04. 09,67.18,67.52,66.18,67,40529123
2020. 04. 13,67.08,68.43,66.46,68.31,32755731
2020. 04. 14,70,72.06,69.51,71.76,48748672
2020. 04. 15,70.6,71.58,70.16,71.11,32788641
2020. 04. 16,71.85,72.05,70.59,71.67,39281290
2020. 04. 17,71.17,71.74,69.22,70.7,53812478
2020. 04. 20,69.49,70.42,69.21,69.23,32503750
2020. 04. 21,69.07,69.31,66.36,67.09,45247893
2020. 04. 22,68.4,69.47,68.05,69.03,29264342
2020. 04. 23,68.97,70.44,68.72,68.76,31203582
2020. 04. 24,69.3,70.75,69.25,70.74,31627183
2020. 04. 27,70.45,71.14,69.99,70.79,29271893
2020. 04. 28,71.27,71.46,69.55,69.65,28001187
2020. 04. 29,71.18,72.42,70.97,71.93,34320204
2020. 04. 30,72.49,73.63,72.09,73.45,45765968
2020. 05. 01,71.56,74.75,71.46,72.27,60154175
2020. 05. 04,72.29,73.42,71.58,73.29,33391986
2020. 05. 05,73.77,75.25,73.61,74.39,36937795
2020. 05. 06,75.11,75.81,74.72,75.16,35583438
2020. 05. 07,75.81,76.29,75.49,75.94,28803764
2020. 05. 08,76.41,77.59,76.07,77.53,33511985
2020. 05. 11,77.03,79.26,76.81,78.75,36486561
2020. 05. 12,79.46,79.92,77.73,77.85,40575263
2020. 05. 13,78.04,78.99,75.8,76.91,50155639
2020. 05. 14,76.13,77.45,75.38,77.39,39732269
2020. 05. 15,75.09,76.97,75.05,76.93,41587094
2020. 05. 18,78.29,79.13,77.58,78.74,33843125
2020. 05. 19,78.76,79.63,78.25,78.29,25432385
2020. 05. 20,79.17,79.88,79.05,79.81,27876215
2020. 05. 21,79.67,80.22,78.97,79.21,25672211
2020. 05. 22,78.94,79.81,78.84,79.72,20450754
2020. 05. 26,80.88,81.06,79.13,79.18,31380454
2020. 05. 27,79.04,79.68,78.27,79.53,28236274
2020. 05. 28,79.19,80.86,78.91,79.56,33449103
2020. 05. 29,79.81,80.29,79.12,79.49,38399532
2020. 06. 01,79.44,80.59,79.3,80.46,20254653
2020. 06. 02,80.19,80.86,79.73,80.83,21910704
2020. 06. 03,81.17,81.55,80.58,81.28,26122804
2020. 06. 04,81.1,81.41,80.19,80.58,21890091
2020. 06. 05,80.84,82.94,80.81,82.88,34312550
2020. 06. 08,82.56,83.4,81.83,83.37,23913634
2020. 06. 09,83.04,86.4,83,86,36928091
2020. 06. 10,86.98,88.69,86.52,88.21,41662938
2020. 06. 11,87.33,87.77,83.87,83.98,50415613
2020. 06. 12,86.18,86.95,83.56,84.7,50036513
2020. 06. 15,83.31,86.42,83.15,85.75,34702230
2020. 06. 16,87.87,88.3,86.18,88.02,41357182
2020. 06. 17,88.79,88.85,87.77,87.9,28601626
2020. 06. 18,87.85,88.36,87.31,87.93,24205096
2020. 06. 19,88.66,89.14,86.29,87.43,66118952
2020. 06. 22,87.84,89.87,87.79,89.72,33861316
2020. 06. 23,91,93.1,90.57,91.63,53038869
2020. 06. 24,91.25,92.2,89.63,90.02,48155849
2020. 06. 25,90.18,91.25,89.39,91.21,34380628
2020. 06. 26,91.1,91.33,88.26,88.41,51314211
2020. 06. 29,88.31,90.54,87.82,90.45,32661519
2020. 06. 30,90.02,91.5,90,91.2,35055821
2020. 07. 01,91.28,91.84,90.98,91.03,27684309
2020. 07. 02,91.96,92.62,90.91,91.03,28510367
2020. 07. 06,92.5,93.95,92.47,93.46,29663913
2020. 07. 07,93.85,94.66,93.06,93.17,28106114
2020. 07. 08,94.18,95.38,94.09,95.34,29272970
2020. 07. 09,96.26,96.32,94.67,95.68,31410652
2020. 07. 10,95.34,95.98,94.71,95.92,22564330
2020. 07. 13,97.27,99.96,95.26,95.48,47912285
2020. 07. 14,94.84,97.26,93.88,97.06,42747341
2020. 07. 15,98.99,99.25,96.49,97.73,38299483
2020. 07. 16,96.56,97.41,95.91,96.52,27644418
2020. 07. 17,96.99,97.15,95.84,96.33,23046725
2020. 07. 20,96.42,98.5,96.06,98.36,22579477
2020. 07. 21,99.17,99.25,96.74,97,25911459
2020. 07. 22,96.69,97.98,96.6,97.27,22250413
2020. 07. 23,97,97.08,92.01,92.85,49251108
2020. 07. 24,90.99,92.97,89.15,92.62,46359716
2020. 07. 27,93.71,94.91,93.48,94.81,30303548
2020. 07. 28,94.37,94.55,93.25,93.25,25906375
2020. 07. 29,93.75,95.23,93.71,95.04,22582314
2020. 07. 30,94.19,96.3,93.77,96.19,39532505
2020. 07. 31,102.88,106.42,100.83,106.26,93573867
2020. 08. 03,108.2,111.64,107.89,108.94,77037847
2020. 08. 04,109.13,110.79,108.39,109.67,43198092
2020. 08. 05,109.38,110.39,108.9,110.06,30497988
2020. 08. 06,110.41,114.41,109.8,113.9,50607225
2020. 08. 07,113.21,113.68,110.29,111.11,49511403
2020. 08. 10,112.6,113.78,110,112.73,53100856
2020. 08. 11,111.97,112.48,109.11,109.38,46975594
2020. 08. 12,110.5,113.28,110.3,113.01,41486205
2020. 08. 13,114.43,116.04,113.93,115.01,52520516
2020. 08. 14,114.83,115,113.05,114.91,41391302
2020. 08. 17,116.06,116.09,113.96,114.61,29890361
2020. 08. 18,114.35,116,114.01,115.56,26408385
2020. 08. 19,115.98,117.16,115.61,115.71,36384502
2020. 08. 20,115.75,118.39,115.73,118.28,31726797
2020. 08. 21,119.26,124.87,119.25,124.37,84513660
2020. 08. 24,128.7,128.79,123.94,125.86,86484442
2020. 08. 25,124.7,125.18,123.05,124.83,52873947
2020. 08. 26,126.18,126.99,125.08,126.52,40755567
2020. 08. 27,127.14,127.49,123.83,125.01,38888096
2020. 08. 28,126.01,126.44,124.58,124.81,46907479
2020. 08. 31,127.58,131,126,129.04,225702688
2020. 09. 01,132.76,134.8,130.53,134.18,152470142
2020. 09. 02,137.59,137.98,127,131.4,200118991
2020. 09. 03,126.91,128.84,120.5,120.88,257599640
2020. 09. 04,120.07,123.7,110.89,120.96,332607163
2020. 09. 08,113.95,118.99,112.68,112.82,231366563
2020. 09. 09,117.26,119.14,115.26,117.32,176940455
2020. 09. 10,120.36,120.5,112.5,113.49,182274391
2020. 09. 11,114.57,115.23,110,112,180860325
2020. 09. 14,114.72,115.93,112.8,115.36,140150087
2020. 09. 15,118.33,118.83,113.61,115.54,184642039
2020. 09. 16,115.23,116,112.04,112.13,155026675
2020. 09. 17,109.72,112.2,108.71,110.34,178010968
2020. 09. 18,110.4,110.88,106.09,106.84,287104882
2020. 09. 21,104.54,110.19,103.1,110.08,195713815
2020. 09. 22,112.68,112.86,109.16,111.81,183055373
2020. 09. 23,111.62,112.11,106.77,107.12,150718671
2020. 09. 24,105.17,110.25,105,108.22,167743349
2020. 09. 25,108.43,112.44,107.67,112.28,149981441
2020. 09. 28,115.01,115.32,112.78,114.96,137672403
2020. 09. 29,114.55,115.31,113.57,114.09,100060526
2020. 09. 30,113.79,117.26,113.62,115.81,142675184
2020. 10. 01,117.64,117.72,115.83,116.79,116120440
2020. 10. 02,112.89,115.37,112.22,113.02,144711986
2020. 10. 05,113.91,116.65,113.55,116.5,106243839
2020. 10. 06,115.7,116.12,112.25,113.16,161498212
2020. 10. 07,114.62,115.55,114.13,115.08,96848985
2020. 10. 08,116.25,116.4,114.59,114.97,83477153
2020. 10. 09,115.28,117,114.92,116.97,100506865
2020. 10. 12,120.06,125.18,119.28,124.4,240226769
2020. 10. 13,125.27,125.39,119.65,121.1,262330451
2020. 10. 14,121,123.03,119.62,121.19,151062308
2020. 10. 15,118.72,121.2,118.15,120.71,112559219
2020. 10. 16,121.28,121.55,118.81,119.02,115393808
2020. 10. 19,119.96,120.42,115.66,115.98,120639337
2020. 10. 20,116.2,118.98,115.63,117.51,124423728
2020. 10. 21,116.67,118.71,116.45,116.87,89945980
2020. 10. 22,117.45,118.04,114.59,115.75,101987954
2020. 10. 23,116.39,116.55,114.28,115.04,82572645
2020. 10. 26,114.01,116.55,112.88,115.05,111850657
2020. 10. 27,115.49,117.28,114.54,116.6,92276772
2020. 10. 28,115.05,115.43,111.1,111.2,143937823
2020. 10. 29,112.37,116.93,112.2,115.32,146129173
2020. 10. 30,111.06,111.99,107.72,108.86,190573476
2020. 11. 02,109.11,110.68,107.32,108.77,122866899
2020. 11. 03,109.66,111.49,108.73,110.44,107624448
2020. 11. 04,114.14,115.59,112.35,114.95,138235482
2020. 11. 05,117.95,119.62,116.87,119.03,126387074
2020. 11. 06,118.32,119.2,116.13,118.69,114457922
2020. 11. 09,120.5,121.99,116.05,116.32,154515315
2020. 11. 10,115.55,117.59,114.13,115.97,138023390
2020. 11. 11,117.19,119.63,116.44,119.49,112294954
2020. 11. 12,119.62,120.53,118.57,119.21,103350674
2020. 11. 13,119.44,119.67,117.87,119.26,81688586
2020. 11. 16,118.92,120.99,118.15,120.3,91183018
2020. 11. 17,119.55,120.67,118.96,119.39,74270973
2020. 11. 18,118.61,119.82,118,118.03,76322111
2020. 11. 19,117.59,119.06,116.81,118.64,74112972
2020. 11. 20,118.64,118.77,117.29,117.34,73604287
2020. 11. 23,117.18,117.62,113.75,113.85,127959318
2020. 11. 24,113.91,115.85,112.59,115.17,113874218
2020. 11. 25,115.55,116.75,115.17,116.03,76499234
2020. 11. 27,116.57,117.49,116.22,116.59,46691331
2020. 11. 30,116.97,120.97,116.81,119.05,169410176
2020. 12. 01,121.01,123.47,120.01,122.72,128166803
2020. 12. 02,122.02,123.37,120.89,123.08,89004195
2020. 12. 03,123.52,123.78,122.21,122.94,78967630
2020. 12. 04,122.6,122.86,121.52,122.25,78260421
2020. 12. 07,122.31,124.57,122.25,123.75,86711990
2020. 12. 08,124.37,124.98,123.09,124.38,82225512
2020. 12. 09,124.53,125.95,121,121.78,115089193
2020. 12. 10,120.5,123.87,120.15,123.24,81312170
2020. 12. 11,122.43,122.76,120.55,122.41,86939786
2020. 12. 14,122.6,123.35,121.54,121.78,79075988
2020. 12. 15,124.34,127.9,124.13,127.88,157572262
2020. 12. 16,127.41,128.37,126.56,127.81,98208591
2020. 12. 17,128.9,129.58,128.04,128.7,94359811
2020. 12. 18,128.96,129.1,126.12,126.66,192541496
2020. 12. 21,125.02,128.31,123.45,128.23,121251553
2020. 12. 22,131.61,134.41,129.65,131.88,169351825
2020. 12. 23,132.16,132.43,130.78,130.96,88223692
2020. 12. 24,131.32,133.46,131.1,131.97,54930064
2020. 12. 28,133.99,137.34,133.51,136.69,124486237
2020. 12. 29,138.05,138.79,134.34,134.87,121047324
2020. 12. 30,135.58,135.99,133.4,133.72,96452124
2020. 12. 31,134.08,134.74,131.72,132.69,99116586
2021. 01. 04,133.52,133.61,126.76,129.41,143301887
2021. 01. 05,128.89,131.74,128.43,131.01,97664898
2021. 01. 06,127.72,131.05,126.38,126.6,155087970
2021. 01. 07,128.36,131.63,127.86,130.92,109578157
2021. 01. 08,132.43,132.63,130.23,132.05,105158245
2021. 01. 11,129.19,130.17,128.5,128.98,100620880
2021. 01. 12,128.5,129.69,126.86,128.8,91951145
2021. 01. 13,128.76,131.45,128.49,130.89,88636831
2021. 01. 14,130.8,131,128.76,128.91,90221755
2021. 01. 15,128.78,130.22,127,127.14,111598531
2021. 01. 19,127.78,128.71,126.94,127.83,90757329
2021. 01. 20,128.66,132.49,128.55,132.03,104319489
2021. 01. 21,133.8,139.67,133.59,136.87,120529544
2021. 01. 22,136.28,139.85,135.02,139.07,114459360
2021. 01. 25,143.07,145.09,136.54,142.92,157611713
2021. 01. 26,143.6,144.3,141.37,143.16,98390555
2021. 01. 27,143.43,144.3,140.41,142.06,140843759
2021. 01. 28,139.52,141.99,136.7,137.09,142621128
2021. 01. 29,135.83,136.74,130.21,131.96,177523812
2021. 02. 01,133.75,135.38,130.93,134.14,106239823
2021. 02. 02,135.73,136.31,134.61,134.99,83305367
2021. 02. 03,135.76,135.77,133.61,133.94,89880937
2021. 02. 04,136.3,137.4,134.59,137.39,84183061
2021. 02. 05,137.35,137.42,135.86,136.76,75693830
2021. 02. 08,136.03,136.96,134.92,136.91,71297214
2021. 02. 09,136.62,137.88,135.85,136.01,76774213
2021. 02. 10,136.48,136.99,134.4,135.39,73046563
2021. 02. 11,135.9,136.39,133.77,135.13,64280029
2021. 02. 12,134.35,135.53,133.69,135.37,60145130
2021. 02. 16,135.49,136.01,132.79,133.19,80576316
2021. 02. 17,131.25,132.22,129.47,130.84,98085249
2021. 02. 18,129.2,130,127.41,129.71,96856748
2021. 02. 19,130.24,130.71,128.8,129.87,87668834
2021. 02. 22,128.01,129.72,125.6,126,103916419
2021. 02. 23,123.76,126.71,118.39,125.86,158273022
2021. 02. 24,124.94,125.56,122.23,125.35,111039904
2021. 02. 25,124.68,126.46,120.54,120.99,148199540
2021. 02. 26,122.59,124.85,121.2,121.26,164560394
2021. 03. 01,123.75,127.93,122.79,127.79,116307892
2021. 03. 02,128.41,128.72,125.01,125.12,102260945
2021. 03. 03,124.81,125.71,121.84,122.06,112966340
2021. 03. 04,121.75,123.6,118.62,120.13,178154975
2021. 03. 05,120.98,121.94,117.57,121.42,153766601
2021. 03. 08,120.93,121,116.21,116.36,154376610
2021. 03. 09,119.03,122.06,118.79,121.09,129525780
2021. 03. 10,121.69,122.17,119.45,119.98,111943326
2021. 03. 11,122.54,123.21,121.26,121.96,103026514
2021. 03. 12,120.4,121.17,119.16,121.03,88105050
2021. 03. 15,121.41,124,120.42,123.99,92590555
2021. 03. 16,125.7,127.22,124.72,125.57,115227936
2021. 03. 17,124.05,125.86,122.34,124.76,111932636
2021. 03. 18,122.88,123.18,120.32,120.53,121469755
2021. 03. 19,119.9,121.43,119.68,119.99,185549522
2021. 03. 22,120.33,123.87,120.26,123.39,111912284
2021. 03. 23,123.33,124.24,122.14,122.54,95467142
2021. 03. 24,122.82,122.9,120.07,120.09,88530485
2021. 03. 25,119.54,121.66,119,120.59,98844681
2021. 03. 26,120.35,121.48,118.92,121.21,94071234
2021. 03. 29,121.65,122.58,120.73,121.39,80819203
2021. 03. 30,120.11,120.4,118.86,119.9,85671919
2021. 03. 31,121.65,123.52,121.15,122.15,118323826
2021. 04. 01,123.66,124.18,122.49,123,75089134
2021. 04. 05,123.87,126.16,123.07,125.9,88651175
2021. 04. 06,126.5,127.13,125.65,126.21,80171253
2021. 04. 07,125.83,127.92,125.14,127.9,83466716
2021. 04. 08,128.95,130.39,128.52,130.36,88844591
2021. 04. 09,129.8,133.04,129.47,133,106686703
2021. 04. 12,132.52,132.85,130.63,131.24,91419983
2021. 04. 13,132.44,134.66,131.93,134.43,91266545
2021. 04. 14,134.94,135,131.66,132.03,87222782
2021. 04. 15,133.82,135,133.64,134.5,89347102
2021. 04. 16,134.3,134.67,133.28,134.16,84922386
2021. 04. 19,133.51,135.47,133.34,134.84,94264215
2021. 04. 20,135.02,135.53,131.81,133.11,94812349
2021. 04. 21,132.36,133.75,131.3,133.5,68847136
2021. 04. 22,133.04,134.15,131.41,131.94,84566456
2021. 04. 23,132.16,135.12,132.16,134.32,78756779
2021. 04. 26,134.83,135.06,133.56,134.72,66905069
2021. 04. 27,135.01,135.41,134.11,134.39,66015804
2021. 04. 28,134.31,135.02,133.08,133.58,107760097
2021. 04. 29,136.47,137.07,132.45,133.48,151100953
2021. 04. 30,131.78,133.56,131.07,131.46,109839466
2021. 05. 03,132.04,134.07,131.83,132.54,75135100
2021. 05. 04,131.19,131.49,126.7,127.85,137564718
2021. 05. 05,129.2,130.45,127.97,128.1,84000900
2021. 05. 06,127.89,129.75,127.13,129.74,78128334
2021. 05. 07,130.85,131.26,129.48,130.21,78973273
2021. 05. 10,129.41,129.54,126.81,126.85,88071229
2021. 05. 11,123.5,126.27,122.77,125.91,126142826
2021. 05. 12,123.4,124.64,122.25,122.77,112172282
2021. 05. 13,124.58,126.15,124.26,124.97,105861339
2021. 05. 14,126.25,127.89,125.85,127.45,81917951
2021. 05. 17,126.82,126.93,125.17,126.27,74244624
2021. 05. 18,126.56,126.99,124.78,124.85,63342929
2021. 05. 19,123.16,124.92,122.86,124.69,92611989
2021. 05. 20,125.23,127.72,125.1,127.31,76857123
2021. 05. 21,127.82,128,125.21,125.43,79295436
2021. 05. 24,126.01,127.94,125.94,127.1,63092945
2021. 05. 25,127.82,128.32,126.32,126.9,72009482
2021. 05. 26,126.96,127.39,126.42,126.85,56575920
2021. 05. 27,126.44,127.64,125.08,125.28,94625601
2021. 05. 28,125.57,125.8,124.55,124.61,71311109
2021. 06. 01,125.08,125.35,123.94,124.28,67637118
2021. 06. 02,124.28,125.24,124.05,125.06,59278862
2021. 06. 03,124.68,124.85,123.13,123.54,76229170
2021. 06. 04,124.07,126.16,123.85,125.89,75169343
2021. 06. 07,126.17,126.32,124.83,125.9,71057550
2021. 06. 08,126.6,128.46,126.21,126.74,74403774
2021. 06. 09,127.21,127.75,126.52,127.13,56877937
2021. 06. 10,127.02,128.19,125.94,126.11,71186421
2021. 06. 11,126.53,127.44,126.1,127.35,53522373
2021. 06. 14,127.82,130.54,127.07,130.48,96906490
2021. 06. 15,129.94,130.6,129.39,129.64,62746332
2021. 06. 16,130.37,130.89,128.46,130.15,91815026
2021. 06. 17,129.8,132.55,129.65,131.79,96721669
2021. 06. 18,130.71,131.51,130.24,130.46,108953309
2021. 06. 21,130.3,132.41,129.21,132.3,79663316
2021. 06. 22,132.13,134.08,131.62,133.98,74783618
2021. 06. 23,133.77,134.32,133.23,133.7,60214200
2021. 06. 24,134.45,134.64,132.93,133.41,68710998
2021. 06. 25,133.46,133.89,132.81,133.11,70783746
2021. 06. 28,133.41,135.25,133.35,134.78,62111303
2021. 06. 29,134.8,136.49,134.35,136.33,64556081
2021. 06. 30,136.17,137.41,135.87,136.96,63261393
2021. 07. 01,136.6,137.33,135.76,137.27,52485781
2021. 07. 02,137.9,140,137.75,139.96,78945572
2021. 07. 06,140.07,143.15,140.07,142.02,108181793
2021. 07. 07,143.54,144.89,142.66,144.57,104911589
2021. 07. 08,141.58,144.06,140.67,143.24,105575458
2021. 07. 09,142.75,145.65,142.65,145.11,99890800
2021. 07. 12,146.21,146.32,144,144.5,76299719
2021. 07. 13,144.03,147.46,143.63,145.64,100827099
2021. 07. 14,148.1,149.57,147.68,149.15,127050785
2021. 07. 15,149.24,150,147.09,148.48,106820297
2021. 07. 16,148.46,149.76,145.88,146.39,93251426
2021. 07. 19,143.75,144.07,141.67,142.45,121434571
2021. 07. 20,143.46,147.1,142.96,146.15,96350036
2021. 07. 21,145.53,146.13,144.63,145.4,74993460
2021. 07. 22,145.94,148.2,145.81,146.8,77338156
2021. 07. 23,147.55,148.72,146.92,148.56,71447416
2021. 07. 26,148.27,149.83,147.7,148.99,72434089
2021. 07. 27,149.12,149.21,145.55,146.77,104818578
2021. 07. 28,144.81,146.97,142.54,144.98,118931191
2021. 07. 29,144.69,146.55,144.58,145.64,56699475
2021. 07. 30,144.38,146.33,144.11,145.86,70440626
2021. 08. 02,146.36,146.95,145.25,145.52,62879961
2021. 08. 03,145.81,148.04,145.18,147.36,64786618
2021. 08. 04,147.27,147.79,146.28,146.95,56368271
2021. 08. 05,146.98,147.84,146.17,147.06,46397674
2021. 08. 06,146.35,147.11,145.63,146.14,54126813
2021. 08. 09,146.2,146.7,145.52,146.09,48908689
2021. 08. 10,146.44,147.71,145.3,145.6,69023081
2021. 08. 11,146.05,146.72,145.53,145.86,48493463
2021. 08. 12,146.19,149.05,145.84,148.89,73779113
2021. 08. 13,148.97,149.44,148.27,149.1,59375009
2021. 08. 16,148.54,151.19,146.47,151.12,103558782
2021. 08. 17,150.23,151.68,149.09,150.19,92229735
2021. 08. 18,149.8,150.72,146.15,146.36,86325990
2021. 08. 19,145.03,148,144.5,146.7,86960310
2021. 08. 20,147.44,148.5,146.78,148.19,60549630
2021. 08. 23,148.31,150.19,147.89,149.71,60131810
2021. 08. 24,149.45,150.86,149.15,149.62,48606428
2021. 08. 25,149.81,150.32,147.8,148.36,58991297
2021. 08. 26,148.35,149.12,147.51,147.54,48597195
2021. 08. 27,147.48,148.75,146.83,148.6,55802388
2021. 08. 30,149,153.49,148.61,153.12,90956723
2021. 08. 31,152.66,152.8,151.29,151.83,86453117
2021. 09. 01,152.83,154.98,152.34,152.51,80313711
2021. 09. 02,153.87,154.72,152.4,153.65,71171317
2021. 09. 03,153.76,154.63,153.09,154.3,57866066
2021. 09. 07,154.97,157.26,154.39,156.69,82278261
2021. 09. 08,156.98,157.04,153.98,155.11,74420207
2021. 09. 09,155.49,156.11,153.95,154.07,57305730
2021. 09. 10,155,155.48,148.7,148.97,140893235
2021. 09. 13,150.63,151.42,148.75,149.55,102404329
2021. 09. 14,150.35,151.07,146.91,148.12,109296295
2021. 09. 15,148.56,149.44,146.37,149.03,83281315
2021. 09. 16,148.44,148.97,147.22,148.79,68034149
2021. 09. 17,148.82,148.82,145.76,146.06,129868824
2021. 09. 20,143.8,144.84,141.27,142.94,123478863
2021. 09. 21,143.93,144.6,142.78,143.43,75833962
2021. 09. 22,144.45,146.43,143.7,145.85,76404341
2021. 09. 23,146.65,147.08,145.64,146.83,64838170
2021. 09. 24,145.66,147.47,145.56,146.92,53477869
2021. 09. 27,145.47,145.96,143.82,145.37,74150729
2021. 09. 28,143.25,144.75,141.69,141.91,108972340
2021. 09. 29,142.47,144.45,142.03,142.83,74602044
2021. 09. 30,143.66,144.38,141.28,141.5,89056664
2021. 10. 01,141.9,142.92,139.11,142.65,94639581
2021. 10. 04,141.76,142.21,138.27,139.14,98322008
2021. 10. 05,139.49,142.24,139.36,141.11,80861062
2021. 10. 06,139.47,142.15,138.37,142,83221119
2021. 10. 07,143.06,144.22,142.72,143.29,61732656
2021. 10. 08,144.03,144.18,142.56,142.9,58773155
2021. 10. 11,142.27,144.81,141.81,142.81,64452219
2021. 10. 12,143.23,143.25,141.04,141.51,73035859
2021. 10. 13,141.24,141.4,139.2,140.91,78762721
2021. 10. 14,142.11,143.88,141.51,143.76,69907100
2021. 10. 15,143.77,144.9,143.51,144.84,67940334
2021. 10. 18,143.45,146.84,143.16,146.55,85589175
2021. 10. 19,147.01,149.17,146.55,148.76,76378894
2021. 10. 20,148.7,149.75,148.12,149.26,58418788
2021. 10. 21,148.81,149.64,147.87,149.48,61420990
2021. 10. 22,149.69,150.18,148.64,148.69,58883443
2021. 10. 25,148.68,149.37,147.62,148.64,50720556
2021. 10. 26,149.33,150.84,149.01,149.32,60893395
2021. 10. 27,149.36,149.73,148.49,148.85,56094929
2021. 10. 28,149.82,153.17,149.72,152.57,100077888
2021. 10. 29,147.22,149.94,146.41,149.8,124953168
2021. 11. 01,148.99,149.7,147.8,148.96,74588258
2021. 11. 02,148.66,151.57,148.65,150.02,69121987
2021. 11. 03,150.39,151.97,149.82,151.49,54511534
2021. 11. 04,151.58,152.43,150.64,150.96,60394616
2021. 11. 05,151.89,152.2,150.06,151.28,65463883
2021. 11. 08,151.41,151.57,150.16,150.44,55020868
2021. 11. 09,150.2,151.43,150.06,150.81,56787930
2021. 11. 10,150.02,150.13,147.85,147.92,65187092
2021. 11. 11,148.96,149.43,147.68,147.87,40999950
2021. 11. 12,148.43,150.4,147.48,149.99,63804008
2021. 11. 15,150.37,151.88,149.43,150,59222803
2021. 11. 16,149.94,151.49,149.34,151,59256210
2021. 11. 17,151,155,150.99,153.49,88807000
2021. 11. 18,153.71,158.67,153.05,157.87,137827673
2021. 11. 19,157.65,161.02,156.53,160.55,117305597
2021. 11. 22,161.68,165.7,161,161.02,117467889
2021. 11. 23,161.12,161.8,159.06,161.41,96041899
2021. 11. 24,160.75,162.14,159.64,161.94,69463623
2021. 11. 26,159.57,160.45,156.36,156.81,76959752
2021. 11. 29,159.37,161.19,158.79,160.24,88748217
2021. 11. 30,159.99,165.52,159.92,165.3,174048056
2021. 12. 01,167.48,170.3,164.53,164.77,152423003
2021. 12. 02,158.74,164.2,157.8,163.76,136739174
2021. 12. 03,164.02,164.96,159.72,161.84,118023116
2021. 12. 06,164.29,167.88,164.28,165.32,107496982
2021. 12. 07,169.08,171.58,168.34,171.18,120405352
2021. 12. 08,172.13,175.96,170.7,175.08,116998901
2021. 12. 09,174.91,176.75,173.92,174.56,108923739
2021. 12. 10,175.21,179.63,174.69,179.45,115402731
2021. 12. 13,181.12,182.13,175.53,175.74,153237019
2021. 12. 14,175.25,177.74,172.21,174.33,139380382
2021. 12. 15,175.11,179.5,172.31,179.3,131063257
2021. 12. 16,179.28,181.14,170.75,172.26,150185843
2021. 12. 17,169.93,173.47,169.69,171.14,195923441
2021. 12. 20,168.28,170.58,167.46,169.75,107499114
2021. 12. 21,171.56,173.2,169.12,172.99,91185905
2021. 12. 22,173.04,175.86,172.15,175.64,92135303
2021. 12. 23,175.85,176.85,175.27,176.28,68356567
2021. 12. 27,177.09,180.42,177.07,180.33,74919582
2021. 12. 28,180.16,181.33,178.53,179.29,79144339
2021. 12. 29,179.33,180.63,178.14,179.38,62348931
2021. 12. 30,179.47,180.57,178.09,178.2,59773014
2021. 12. 31,178.09,179.23,177.26,177.57,64062261
2022. 01. 03,177.83,182.88,177.71,182.01,104701220
2022. 01. 04,182.63,182.94,179.12,179.7,99310438
2022. 01. 05,179.61,180.17,174.64,174.92,94537602
2022. 01. 06,172.7,175.3,171.64,172,96903955
2022. 01. 07,172.89,174.14,171.03,172.17,86709147
2022. 01. 10,169.08,172.5,168.17,172.19,106765552
2022. 01. 11,172.32,175.18,170.82,175.08,76138312
2022. 01. 12,176.12,177.18,174.82,175.53,74805173
2022. 01. 13,175.78,176.62,171.79,172.19,84505760
2022. 01. 14,171.34,173.78,171.09,173.07,80440780
2022. 01. 18,171.51,172.54,169.41,169.8,91168729
2022. 01. 19,170,171.08,165.94,166.23,94814990
2022. 01. 20,166.98,169.68,164.18,164.51,91420515
2022. 01. 21,164.42,166.33,162.3,162.41,122848858
2022. 01. 24,160.02,162.3,154.7,161.62,162706686
2022. 01. 25,158.98,162.76,157.02,159.78,115798367
2022. 01. 26,163.5,164.39,157.82,159.69,108275308
2022. 01. 27,162.45,163.84,158.28,159.22,121954638
2022. 01. 28,165.71,170.35,162.8,170.33,179935660
2022. 01. 31,170.16,175,169.51,174.78,115541590
2022. 02. 01,174.01,174.84,172.31,174.61,86213911
2022. 02. 02,174.75,175.88,173.33,175.84,84914256
2022. 02. 03,174.48,176.24,172.12,172.9,89418074
2022. 02. 04,171.68,174.1,170.68,172.39,82465400
2022. 02. 07,172.86,173.95,170.95,171.66,77251204
2022. 02. 08,171.73,175.35,171.43,174.83,74829217
2022. 02. 09,176.05,176.65,174.9,176.28,71285038
2022. 02. 10,174.14,175.48,171.55,172.12,90865899
2022. 02. 11,172.33,173.08,168.04,168.64,98670687
2022. 02. 14,167.37,169.58,166.56,168.88,86185530
2022. 02. 15,170.97,172.95,170.25,172.79,64286320
2022. 02. 16,171.85,173.34,170.05,172.55,61177398
2022. 02. 17,171.03,171.91,168.47,168.88,69589344
2022. 02. 18,169.82,170.54,166.19,167.3,82772674
2022. 02. 22,164.98,166.69,162.15,164.32,91162758
2022. 02. 23,165.54,166.15,159.75,160.07,90009247
2022. 02. 24,152.58,162.85,152,162.74,141147540
2022. 02. 25,163.84,165.12,160.87,164.85,91974222
2022. 02. 28,163.06,165.42,162.43,165.12,95056629
2022. 03. 01,164.7,166.6,161.97,163.2,83474425
2022. 03. 02,164.39,167.36,162.95,166.56,79724750
2022. 03. 03,168.47,168.91,165.55,166.23,76678441
2022. 03. 04,164.49,165.55,162.1,163.17,83819592
2022. 03. 07,163.36,165.02,159.04,159.3,96418845
2022. 03. 08,158.82,162.88,155.8,157.44,131148280
2022. 03. 09,161.48,163.41,159.41,162.95,91454905
2022. 03. 10,160.2,160.39,155.98,158.52,105342033
2022. 03. 11,158.93,159.28,154.5,154.73,96970102
2022. 03. 14,151.45,154.12,150.1,150.62,108732111
2022. 03. 15,150.9,155.57,150.38,155.09,92964302
2022. 03. 16,157.05,160,154.46,159.59,102300157
2022. 03. 17,158.61,161,157.63,160.62,75615376
2022. 03. 18,160.51,164.48,159.76,163.98,123511692
2022. 03. 21,163.51,166.35,163.01,165.38,95811352
2022. 03. 22,165.51,169.42,164.91,168.82,81532007
2022. 03. 23,167.99,172.64,167.65,170.21,98062674
2022. 03. 24,171.06,174.14,170.21,174.07,90131418
2022. 03. 25,173.88,175.28,172.75,174.72,80546156
2022. 03. 28,172.17,175.73,172,175.6,90371916
2022. 03. 29,176.69,179.01,176.34,178.96,100589440
2022. 03. 30,178.55,179.61,176.7,177.77,92633154
2022. 03. 31,177.84,178.03,174.4,174.61,103049285
2022. 04. 01,174.03,174.88,171.94,174.31,78751328
2022. 04. 04,174.57,178.49,174.44,178.44,76545983
2022. 04. 05,177.5,178.3,174.42,175.06,73401786
2022. 04. 06,172.36,173.63,170.13,171.83,89058782
2022. 04. 07,171.16,173.36,169.85,172.14,77594650
2022. 04. 08,171.78,171.78,169.2,170.09,76575508
2022. 04. 11,168.71,169.03,165.5,165.75,72246706
2022. 04. 12,168.02,169.87,166.64,167.66,79265181
2022. 04. 13,167.39,171.04,166.77,170.4,70618925
2022. 04. 14,170.62,171.27,165.04,165.29,75329376
2022. 04. 18,163.92,166.6,163.57,165.07,69023941
2022. 04. 19,165.02,167.82,163.91,167.4,67723833
2022. 04. 20,168.76,168.88,166.1,167.23,67929814
2022. 04. 21,168.91,171.53,165.91,166.42,87227768
2022. 04. 22,166.46,167.87,161.5,161.79,84882424
2022. 04. 25,161.12,163.17,158.46,162.88,96046376
2022. 04. 26,162.25,162.34,156.72,156.8,95623240
2022. 04. 27,155.91,159.79,155.38,156.57,88063191
2022. 04. 28,159.25,164.52,158.93,163.64,130216792
2022. 04. 29,161.84,166.2,157.25,157.65,131747571
2022. 05. 02,156.71,158.23,153.27,157.96,123055265
2022. 05. 03,158.15,160.71,156.32,159.48,88966526
2022. 05. 04,159.67,166.48,159.26,166.02,108256503
2022. 05. 05,163.85,164.08,154.95,156.77,130525275
2022. 05. 06,156.01,159.44,154.18,157.28,116124647
2022. 05. 09,154.93,155.83,151.49,152.06,131577921
2022. 05. 10,155.52,156.74,152.93,154.51,115366736
2022. 05. 11,153.5,155.45,145.81,146.5,142689825
2022. 05. 12,142.77,146.2,138.8,142.56,182602041
2022. 05. 13,144.59,148.1,143.11,147.11,113990852
2022. 05. 16,145.55,147.52,144.18,145.54,86643781
2022. 05. 17,148.86,149.77,146.68,149.24,78336254
2022. 05. 18,146.85,147.36,139.9,140.82,109742890
2022. 05. 19,139.88,141.66,136.6,137.35,136095640
2022. 05. 20,139.09,140.7,132.61,137.59,137426125
2022. 05. 23,137.79,143.26,137.65,143.11,117726265
2022. 05. 24,140.81,141.97,137.33,140.36,104132746
2022. 05. 25,138.43,141.79,138.34,140.52,92482696
2022. 05. 26,137.39,144.34,137.14,143.78,90601548
2022. 05. 27,145.39,149.68,145.26,149.64,90978503
2022. 05. 31,149.07,150.66,146.84,148.84,103718416
2022. 06. 01,149.9,151.74,147.68,148.71,74286635
2022. 06. 02,147.83,151.27,146.86,151.21,72348055
2022. 06. 03,146.9,147.97,144.46,145.38,88570289
2022. 06. 06,147.03,148.57,144.9,146.14,71598380
2022. 06. 07,144.35,149,144.1,148.71,67808150
2022. 06. 08,148.58,149.87,147.46,147.96,53950201
2022. 06. 09,147.08,147.95,142.53,142.64,69472976
2022. 06. 10,140.28,140.76,137.06,137.13,91566637
2022. 06. 13,132.87,135.2,131.44,131.88,122207099
2022. 06. 14,133.13,133.89,131.48,132.76,84784326
2022. 06. 15,134.29,137.34,132.16,135.43,91532972
2022. 06. 16,132.08,132.39,129.04,130.06,107961508
2022. 06. 17,130.07,133.08,129.81,131.56,134520290
2022. 06. 21,133.42,137.06,133.32,135.87,81000488
2022. 06. 22,134.79,137.76,133.91,135.35,73409234
2022. 06. 23,136.82,138.59,135.63,138.27,72433768
2022. 06. 24,139.9,141.91,139.77,141.66,89116837
2022. 06. 27,142.7,143.49,140.97,141.66,70207908
2022. 06. 28,142.13,143.42,137.32,137.44,67315328
2022. 06. 29,137.46,140.67,136.67,139.23,66242411
2022. 06. 30,137.25,138.37,133.77,136.72,98964467
2022. 07. 01,136.04,139.04,135.66,138.93,71051552
2022. 07. 05,137.77,141.61,136.93,141.56,73429641
2022. 07. 06,141.35,144.12,141.08,142.92,74064254
2022. 07. 07,143.29,146.55,143.28,146.35,66253709
2022. 07. 08,145.26,147.55,145,147.04,64547798
2022. 07. 11,145.67,146.64,143.78,144.87,63305113
2022. 07. 12,145.76,148.45,145.05,145.86,77588759
2022. 07. 13,142.99,146.45,142.12,145.49,71185560
2022. 07. 14,144.08,148.95,143.25,148.47,78140744
2022. 07. 15,149.78,150.86,148.2,150.17,76259931
2022. 07. 18,150.74,151.57,146.7,147.07,81420868
2022. 07. 19,147.92,151.23,146.91,151,82982367
2022. 07. 20,151.12,153.72,150.37,153.04,64823413
2022. 07. 21,154.5,155.57,151.94,155.35,65086636
2022. 07. 22,155.39,156.28,153.41,154.09,66675408
2022. 07. 25,154.01,155.04,152.28,152.95,53623945
2022. 07. 26,152.26,153.09,150.8,151.6,55138691
2022. 07. 27,152.58,157.33,152.16,156.79,78620688
2022. 07. 28,156.98,157.64,154.41,157.35,81378731
2022. 07. 29,161.24,163.63,159.5,162.51,101786860
2022. 08. 01,161.01,163.59,160.89,161.51,67829379
2022. 08. 02,160.1,162.41,159.63,160.01,59907025
2022. 08. 03,160.84,166.59,160.75,166.13,82507488
2022. 08. 04,166.01,167.19,164.43,165.81,55474144
2022. 08. 05,163.21,165.85,163,165.35,56696985
2022. 08. 08,166.37,167.81,164.2,164.87,60362338
2022. 08. 09,164.02,165.82,163.25,164.92,63135503
2022. 08. 10,167.68,169.34,166.9,169.24,70170540
2022. 08. 11,170.06,170.99,168.19,168.49,57149159
2022. 08. 12,169.82,172.17,169.4,172.1,68039382
2022. 08. 15,171.52,173.39,171.35,173.19,54091694
2022. 08. 16,172.78,173.71,171.66,173.03,56377050
2022. 08. 17,172.77,176.15,172.57,174.55,79542037
2022. 08. 18,173.75,174.9,173.12,174.15,62290075
2022. 08. 19,173.03,173.74,171.31,171.52,70346295
2022. 08. 22,169.69,169.86,167.14,167.57,69026809
2022. 08. 23,167.08,168.71,166.65,167.23,54147079
2022. 08. 24,167.32,168.11,166.25,167.53,53841524
2022. 08. 25,168.78,170.14,168.35,170.03,51218209
2022. 08. 26,170.57,171.05,163.56,163.62,78960980
2022. 08. 29,161.15,162.9,159.82,161.38,73313953
2022. 08. 30,162.13,162.56,157.72,158.91,77906197
2022. 08. 31,160.31,160.58,157.14,157.22,87991091
2022. 09. 01,156.64,158.42,154.67,157.96,74229896
2022. 09. 02,159.75,160.36,154.97,155.81,76957768
2022. 09. 06,156.47,157.09,153.69,154.53,73714843
2022. 09. 07,154.82,156.67,153.61,155.96,87449574
2022. 09. 08,154.64,156.36,152.68,154.46,84923847
2022. 09. 09,155.47,157.82,154.75,157.37,68081006
2022. 09. 12,159.59,164.26,159.3,163.43,104955962
2022. 09. 13,159.9,160.54,153.37,153.84,122656614
2022. 09. 14,154.79,157.1,153.61,155.31,87965409
2022. 09. 15,154.65,155.24,151.38,152.37,90481110
2022. 09. 16,151.21,151.35,148.37,150.7,162278841
2022. 09. 19,149.31,154.56,149.1,154.48,81474246
2022. 09. 20,153.4,158.08,153.08,156.9,107689796
2022. 09. 21,157.34,158.74,153.6,153.72,101696790
2022. 09. 22,152.38,154.47,150.91,152.74,86652542
2022. 09. 23,151.19,151.47,148.56,150.43,96029909
2022. 09. 26,149.66,153.77,149.64,150.77,93339409
2022. 09. 27,152.74,154.72,149.95,151.76,84442741
2022. 09. 28,147.64,150.64,144.84,149.84,146691387
2022. 09. 29,146.1,146.72,140.68,142.48,128138237
2022. 09. 30,141.28,143.1,138,138.2,124925274
2022. 10. 03,138.21,143.07,137.69,142.45,114311663
2022. 10. 04,145.03,146.22,144.26,146.1,87830064
2022. 10. 05,144.07,147.38,143.01,146.4,79470968
2022. 10. 06,145.81,147.54,145.22,145.43,68402169
2022. 10. 07,142.54,143.1,139.45,140.09,85925559
2022. 10. 10,140.42,141.89,138.57,140.42,74899002
2022. 10. 11,139.9,141.35,138.22,138.98,77033672
2022. 10. 12,139.13,140.36,138.16,138.34,70433744
2022. 10. 13,134.99,143.59,134.37,142.99,113223975
2022. 10. 14,144.31,144.52,138.19,138.38,88597969
2022. 10. 17,141.07,142.9,140.27,142.41,85250939
2022. 10. 18,145.49,146.7,140.61,143.75,99136610
2022. 10. 19,141.69,144.95,141.5,143.86,61758340
2022. 10. 20,143.02,145.89,142.65,143.39,64521989
2022. 10. 21,142.87,147.85,142.65,147.27,86548609
2022. 10. 24,147.19,150.23,146,149.45,75981918
2022. 10. 25,150.09,152.49,149.36,152.34,74732290
2022. 10. 26,150.96,151.99,148.04,149.35,88436172
2022. 10. 27,148.07,149.05,144.13,144.8,109180150
2022. 10. 28,148.2,157.5,147.82,155.74,164762371
2022. 10. 31,153.16,154.24,151.92,153.34,97943171
2022. 11. 01,155.08,155.45,149.13,150.65,80379345
2022. 11. 02,148.95,152.17,145,145.03,93604623
2022. 11. 03,142.06,142.8,138.75,138.88,97918516
2022. 11. 04,142.09,142.67,134.38,138.38,140814796
2022. 11. 07,137.11,139.15,135.67,138.92,83374628
2022. 11. 08,140.41,141.43,137.49,139.5,89908477
2022. 11. 09,138.5,138.55,134.59,134.87,74917794
2022. 11. 10,141.24,146.87,139.5,146.87,118854028
2022. 11. 11,145.82,150.01,144.37,149.7,93979665
2022. 11. 14,148.97,150.28,147.43,148.28,73374114
2022. 11. 15,152.22,153.59,148.56,150.04,89868332
2022. 11. 16,149.13,149.87,147.29,148.79,64218266
2022. 11. 17,146.43,151.48,146.15,150.72,80389400
2022. 11. 18,152.31,152.7,149.97,151.29,74829573
2022. 11. 21,150.16,150.37,147.72,148.01,58724070
2022. 11. 22,148.13,150.42,146.93,150.18,51804132
2022. 11. 23,149.45,151.83,149.34,151.07,58301395
2022. 11. 25,148.31,148.88,147.12,148.11,35195860
2022. 11. 28,145.14,146.64,143.38,144.22,69346522
2022. 11. 29,144.29,144.81,140.35,141.17,83763803
2022. 11. 30,141.4,148.72,140.55,148.03,111380880
2022. 12. 01,148.21,149.13,146.61,148.31,71250416
2022. 12. 02,145.96,148,145.65,147.81,65447446
2022. 12. 05,147.77,150.92,145.77,146.63,68826442
2022. 12. 06,147.07,147.3,141.92,142.91,64727186
2022. 12. 07,142.19,143.37,140,140.94,69721094
2022. 12. 08,142.36,143.52,141.1,142.65,62128338
2022. 12. 09,142.34,145.57,140.9,142.16,76097011
2022. 12. 12,142.7,144.5,141.06,144.49,70462654
2022. 12. 13,149.5,149.97,144.24,145.47,93886161
2022. 12. 14,145.35,146.66,141.16,143.21,82291182
2022. 12. 15,141.11,141.8,136.03,136.5,98931907
2022. 12. 16,136.69,137.65,133.73,134.51,160156900
2022. 12. 19,135.11,135.2,131.32,132.37,79592614
2022. 12. 20,131.39,133.25,129.89,132.3,77432819
2022. 12. 21,132.98,136.81,132.75,135.45,85927993
2022. 12. 22,134.35,134.56,130.3,132.23,77852108
2022. 12. 23,130.92,132.42,129.64,131.86,63814893
2022. 12. 27,131.38,131.41,128.72,130.03,69007830
2022. 12. 28,129.67,131.03,125.87,126.04,85438391
2022. 12. 29,127.99,130.48,127.73,129.61,75703710
2022. 12. 30,128.41,129.95,127.43,129.93,77034209
2023. 01. 03,130.28,130.9,124.17,125.07,112117471
2023. 01. 04,126.89,128.66,125.08,126.36,89113633
2023. 01. 05,127.13,127.77,124.76,125.02,80962708
2023. 01. 06,126.01,130.29,124.89,129.62,87754715
2023. 01. 09,130.47,133.41,129.89,130.15,70790813
2023. 01. 10,130.26,131.26,128.12,130.73,63896155
2023. 01. 11,131.25,133.51,130.46,133.49,69458949
2023. 01. 12,133.88,134.26,131.44,133.41,71379648
2023. 01. 13,132.03,134.92,131.66,134.76,57809719
2023. 01. 17,134.83,137.29,134.13,135.94,63646627
2023. 01. 18,136.82,138.61,135.03,135.21,69672800
2023. 01. 19,134.08,136.25,133.77,135.27,58280413
2023. 01. 20,135.28,138.02,134.22,137.87,80223626
2023. 01. 23,138.12,143.32,137.9,141.11,81760313
2023. 01. 24,140.31,143.16,140.3,142.53,66435142
2023. 01. 25,140.89,142.43,138.81,141.86,65799349
2023. 01. 26,143.17,144.25,141.9,143.96,54105068
2023. 01. 27,143.16,147.23,143.08,145.93,70555843
2023. 01. 30,144.96,145.55,142.85,143,64015274
2023. 01. 31,142.7,144.34,142.28,144.29,65874459
2023. 02. 01,143.97,146.61,141.32,145.43,77663633
2023. 02. 02,148.9,151.18,148.17,150.82,118338980
2023. 02. 03,148.03,157.38,147.83,154.5,154357337
2023. 02. 06,152.57,153.1,150.78,151.73,69858306
2023. 02. 07,150.64,155.23,150.64,154.65,83322551
2023. 02. 08,153.88,154.58,151.17,151.92,64120079
2023. 02. 09,153.78,154.33,150.42,150.87,56007143
2023. 02. 10,149.46,151.34,149.22,151.01,57450708
2023. 02. 13,150.95,154.26,150.92,153.85,62199013
2023. 02. 14,152.12,153.77,150.86,153.2,61707573
2023. 02. 15,153.11,155.5,152.88,155.33,65669252
2023. 02. 16,153.51,156.33,153.35,153.71,68167942
2023. 02. 17,152.35,153,150.85,152.55,59144118
2023. 02. 21,150.2,151.3,148.41,148.48,58867230
2023. 02. 22,148.87,149.95,147.16,148.91,51011305
2023. 02. 23,150.09,150.34,147.24,149.4,48394249
2023. 02. 24,147.11,147.19,145.72,146.71,55469606
2023. 02. 27,147.71,149.17,147.45,147.92,44998470
2023. 02. 28,147.05,149.08,146.83,147.41,50546998
2023. 03. 01,146.83,147.23,145.01,145.31,55478991
2023. 03. 02,144.38,146.71,143.9,145.91,52279761
2023. 03. 03,148.04,151.11,147.33,151.03,70732297
2023. 03. 06,153.79,156.3,153.46,153.83,87558028
2023. 03. 07,153.7,154.03,151.13,151.6,56182028
2023. 03. 08,152.81,153.47,151.83,152.87,47204791
2023. 03. 09,153.56,154.54,150.23,150.59,53833582
2023. 03. 10,150.21,150.94,147.61,148.5,68572400
2023. 03. 13,147.81,153.14,147.7,150.47,84457122
2023. 03. 14,151.28,153.4,150.1,152.59,73695893
2023. 03. 15,151.19,153.25,149.92,152.99,77167866
2023. 03. 16,152.16,156.46,151.64,155.85,76254419
2023. 03. 17,156.08,156.74,154.28,155,98944633
2023. 03. 20,155.07,157.82,154.15,157.4,73641415
2023. 03. 21,157.32,159.4,156.54,159.28,73938285
2023. 03. 22,159.3,162.14,157.81,157.83,75701811
2023. 03. 23,158.83,161.55,157.68,158.93,67622060
2023. 03. 24,158.86,160.34,157.85,160.25,59256343
2023. 03. 27,159.94,160.77,157.87,158.28,52390266
2023. 03. 28,157.97,158.49,155.98,157.65,45992152
2023. 03. 29,159.37,161.05,159.35,160.77,51305691
2023. 03. 30,161.53,162.47,161.27,162.36,49501689
2023. 03. 31,162.44,165,161.91,164.9,68749792
2023. 04. 03,164.27,166.29,164.22,166.17,56976187
2023. 04. 04,166.6,166.84,165.11,165.63,46278295
2023. 04. 05,164.74,165.05,161.8,163.76,51511744
2023. 04. 06,162.43,164.96,162,164.66,45390123
2023. 04. 10,161.42,162.03,160.08,162.03,47716882
2023. 04. 11,162.35,162.36,160.51,160.8,47644217
2023. 04. 12,161.22,162.06,159.78,160.1,50133062
2023. 04. 13,161.63,165.8,161.42,165.56,68445649
2023. 04. 14,164.59,166.32,163.82,165.21,49386480
2023. 04. 17,165.09,165.39,164.03,165.23,41516217
2023. 04. 18,166.1,167.41,165.65,166.47,49923008
2023. 04. 19,165.8,168.16,165.54,167.63,47720166
2023. 04. 20,166.09,167.87,165.56,166.65,52456377
2023. 04. 21,165.05,166.45,164.49,165.02,58337341
2023. 04. 24,165,165.6,163.89,165.33,41949581
2023. 04. 25,165.19,166.31,163.73,163.77,48714063
2023. 04. 26,163.06,165.28,162.8,163.76,45498796
2023. 04. 27,165.19,168.56,165.19,168.41,64902329
2023. 04. 28,168.49,169.85,167.88,169.68,55275851
2023. 05. 01,169.28,170.45,168.64,169.59,52472936
2023. 05. 02,170.09,170.35,167.54,168.54,48425696
2023. 05. 03,169.5,170.92,167.16,167.45,65136018
2023. 05. 04,164.89,167.04,164.31,165.79,81235427
2023. 05. 05,170.98,174.3,170.76,173.57,113453171
2023. 05. 08,172.48,173.85,172.11,173.5,55962793
2023. 05. 09,173.05,173.54,171.6,171.77,45326874
2023. 05. 10,173.02,174.03,171.9,173.56,53724501
2023. 05. 11,173.85,174.59,172.17,173.75,49514676
2023. 05. 12,173.62,174.06,171,172.57,45533138
2023. 05. 15,173.16,173.21,171.47,172.07,37266659
2023. 05. 16,171.99,173.14,171.8,172.07,42110293
2023. 05. 17,171.71,172.93,170.42,172.69,57951604
2023. 05. 18,173,175.24,172.58,175.05,65496657
2023. 05. 19,176.39,176.39,174.94,175.16,55809475
2023. 05. 22,173.98,174.71,173.45,174.2,43570932
2023. 05. 23,173.13,173.38,171.28,171.56,50747263
2023. 05. 24,171.09,172.42,170.52,171.84,45143488
2023. 05. 25,172.41,173.9,171.69,172.99,56058258
2023. 05. 26,173.32,175.77,173.11,175.43,54834975
2023. 05. 30,176.96,178.99,176.57,177.3,55964401